-105175,-38475
-105125,-38500
-105075,-38525
-105025,-38525
-104975,-38475
-104925,-38475
-104875,-38475
-104825,-38475
-104775,-38475
-104725,-38475
-104675,-38475
-104625,-38475
-104575,-38475
-104525,-38475
-104475,-38475
-104425,-38525
-104375,-38525
-104325,-38550
-104275,-38575
-104225,-38625
-104175,-38625
-104125,-38625
-104075,-38625
-104025,-38675
-103975,-38675
-103925,-38725
-103875,-38725
-103825,-38750
-103775,-38775
-103725,-38825
-103675,-38825
-103625,-38825
-103575,-38875
-103525,-38875
-103475,-38925
-103425,-38925
-103375,-38925
-103325,-38975
-103275,-38975
-103225,-38975
-103175,-39000
-103125,-39025
-103075,-39025
-103025,-39025
-102975,-39075
-102925,-39075
-102875,-39075
-102825,-39075
-102775,-39075
-102725,-39075
-102675,-39075
-102625,-39075
-102575,-39075
-102525,-39075
-102475,-39075
-102425,-39075
-102375,-39075
-102325,-39075
-102275,-39100
-102225,-39125
-102175,-39125
-102125,-39125
-102075,-39175
-102025,-39175
-101975,-39175
-101925,-39225
-101875,-39225
-101825,-39250
-101775,-39275
-101725,-39300
-101675,-39325
-101625,-39325
-101575,-39325
-101525,-39325
-101475,-39325
-101425,-39325
-101375,-39325
-101325,-39325
-101275,-39325
-101225,-39325
-101175,-39325
-101125,-39325
-101075,-39325
-101025,-39325
-100975,-39325
-100925,-39325
-100875,-39325
-100825,-39275
-100775,-39275
-100725,-39275
-100675,-39275
-100625,-39275
-100575,-39225
-100525,-39225
-100475,-39225
-100425,-39175
-100375,-39150
-100325,-39125
-100275,-39075
-100225,-39075
-100175,-39025
-100125,-39025
-100075,-38975
-100025,-38975
-99975,-38925
-99925,-38925
-99875,-38900
-99825,-38875
-99775,-38875
-99725,-38850
-99675,-38825
-99625,-38825
-99575,-38775
-99525,-38775
-99475,-38775
-99425,-38775
-99375,-38775
-99325,-38775
-99275,-38775
-99225,-38775
-99175,-38775
-99125,-38775
-99075,-38775
-99025,-38775
-98975,-38775
-98925,-38775
-98875,-38775
-98825,-38725
-98775,-38725
-98725,-38725
-98675,-38675
-98625,-38675
-98575,-38675
-98525,-38675
-98475,-38675
-98425,-38725
-98375,-38775
-98325,-38775
-98275,-38825
-98225,-38825
-98175,-38875
-98125,-38875
-98075,-38875
-98025,-38875
-97975,-38925
-97925,-38925
-97875,-38975
-97825,-38975
-97775,-39025
-97725,-39025
-97675,-39025
-97625,-39075
-97575,-39075
-97525,-39075
-97475,-39125
-97425,-39125
-97375,-39175
-97325,-39200
-97275,-39225
-97225,-39250
-97175,-39300
-97125,-39325
-97075,-39375
-97025,-39425
-96975,-39425
-96925,-39475
-96875,-39500
-96825,-39525
-96775,-39575
-96725,-39600
-96675,-39625
-96625,-39625
-96575,-39675
-96525,-39700
-96475,-39725
-96425,-39725
-96375,-39775
-96325,-39800
-96275,-39825
-96225,-39875
-96175,-39875
-96125,-39925
-96075,-39950
-96025,-39975
-95975,-39975
-95925,-40025
-95875,-40025
-95825,-40075
-95775,-40075
-95725,-40075
-95675,-40125
-95625,-40125
-95575,-40175
-95525,-40175
-95475,-40175
-95425,-40225
-95375,-40275
-95325,-40275
-95275,-40325
-95225,-40325
-95175,-40375
-95125,-40425
-95075,-40450
-95025,-40525
-94975,-40525
-94925,-40575
-94875,-40625
-94825,-40650
-94775,-40675
-94725,-40725
-94675,-40750
-94625,-40775
-94575,-40800
-94525,-40825
-94475,-40825
-94425,-40825
-94375,-40825
-94325,-40825
-94275,-40825
-94225,-40825
-94175,-40825
-94125,-40825
-94075,-40825
-94025,-40825
-93975,-40825
-93925,-40825
-93875,-40825
-93825,-40825
-93775,-40825
-93725,-40825
-93675,-40825
-93625,-40825
-93575,-40825
-93525,-40825
-93475,-40825
-93425,-40825
-93375,-40825
-93325,-40825
-93275,-40825
-93225,-40825
-93175,-40825
-93125,-40825
-93075,-40825
-93025,-40825
-92975,-40825
-92925,-40825
-92875,-40825
-92825,-40825
-92775,-40875
-92725,-40875
-92675,-40875
-92625,-40875
-92575,-40875
-92525,-40900
-92475,-40925
-92425,-40925
-92375,-40925
-92325,-40925
-92275,-40950
-92225,-40975
-92175,-40975
-92125,-40975
-92075,-40975
-92025,-41025
-91975,-41025
-91925,-41025
-91875,-41025
-91825,-41075
-91775,-41075
-91725,-41075
-91675,-41125
-91625,-41125
-91575,-41125
-91525,-41125
-91475,-41175
-91425,-41175
-91375,-41175
-91325,-41175
-91275,-41175
-91225,-41125
-91175,-41125
-91125,-41125
-91075,-41125
-91025,-41075
-90975,-41075
-90925,-41075
-90875,-41050
-90825,-41025
-90775,-41000
-90725,-40975
-90675,-40950
-90625,-40925
-90575,-40925
-90525,-40925
-90475,-40875
-90425,-40850
-90375,-40825
-90325,-40825
-90275,-40825
-90225,-40775
-90175,-40775
-90125,-40750
-90075,-40725
-90025,-40650
-89975,-40625
-89925,-40625
-89875,-40575
-89825,-40575
-89775,-40500
-89725,-40475
-89675,-40450
-89625,-40425
-89575,-40375
-89525,-40375
-89475,-40325
-89425,-40325
-89375,-40325
-89325,-40275
-89275,-40275
-89225,-40250
-89175,-40225
-89125,-40175
-89075,-40175
-89025,-40175
-88975,-40150
-88925,-40125
-88875,-40075
-88825,-40075
-88775,-40050
-88725,-40025
-88675,-40025
-88625,-40025
-88575,-39975
-88525,-39975
-88475,-39950
-88425,-39925
-88375,-39925
-88325,-39900
-88275,-39875
-88225,-39875
-88175,-39875
-88125,-39875
-88075,-39850
-88025,-39825
-87975,-39775
-87925,-39775
-87875,-39750
-87825,-39725
-87775,-39725
-87725,-39725
-87675,-39675
-87625,-39675
-87575,-39650
-87525,-39625
-87475,-39625
-87425,-39575
-87375,-39550
-87325,-39525
-87275,-39525
-87225,-39525
-87175,-39475
-87125,-39475
-87075,-39475
-87025,-39425
-86975,-39400
-86925,-39375
-86875,-39375
-86825,-39350
-86775,-39325
-86725,-39275
-86675,-39275
-86625,-39250
-86575,-39225
-86525,-39175
-86475,-39125
-86425,-39125
-86375,-39075
-86325,-39075
-86275,-39075
-86225,-39025
-86175,-39025
-86125,-38975
-86075,-38975
-86025,-38975
-85975,-38925
-85925,-38925
-85875,-38925
-85825,-38875
-85775,-38825
-85725,-38825
-85675,-38825
-85625,-38775
-85575,-38775
-85525,-38775
-85475,-38725
-85425,-38725
-85375,-38725
-85325,-38725
-85275,-38700
-85225,-38675
-85175,-38675
-85125,-38675
-85075,-38650
-85025,-38625
-84975,-38625
-84925,-38625
-84875,-38625
-84825,-38625
-84775,-38575
-84725,-38575
-84675,-38575
-84625,-38575
-84575,-38575
-84525,-38575
-84475,-38575
-84425,-38575
-84375,-38575
-84325,-38575
-84275,-38575
-84225,-38575
-84175,-38625
-84125,-38625
-84075,-38625
-84025,-38600
-83975,-38575
-83925,-38575
-83875,-38575
-83825,-38575
-83775,-38575
-83725,-38550
-83675,-38525
-83625,-38500
-83575,-38450
-83525,-38425
-83475,-38375
-83425,-38375
-83375,-38350
-83325,-38325
-83275,-38325
-83225,-38325
-83175,-38275
-83125,-38275
-83075,-38275
-83025,-38275
-82975,-38275
-82925,-38275
-82875,-38225
-82825,-38225
-82775,-38225
-82725,-38200
-82675,-38175
-82625,-38175
-82575,-38175
-82525,-38150
-82475,-38125
-82425,-38125
-82375,-38125
-82325,-38125
-82275,-38125
-82225,-38150
-82175,-38175
-82125,-38175
-82075,-38175
-82025,-38175
-81975,-38225
-81925,-38225
-81875,-38225
-81825,-38225
-81775,-38225
-81725,-38250
-81675,-38275
-81625,-38275
-81575,-38275
-81525,-38275
-81475,-38325
-81425,-38325
-81375,-38350
-81325,-38375
-81275,-38375
-81225,-38375
-81175,-38375
-81125,-38375
-81075,-38375
-81025,-38375
-80975,-38350
-80925,-38325
-80875,-38275
-80825,-38275
-80775,-38225
-80725,-38200
-80675,-38175
-80625,-38150
-80575,-38100
-80525,-38075
-80475,-38075
-80425,-38075
-80375,-38075
-80325,-38075
-80275,-38075
-80225,-38075
-80175,-38075
-80125,-38075
-80075,-38075
-80025,-38075
-79975,-38100
-79925,-38125
-79875,-38150
-79825,-38175
-79775,-38175
-79725,-38225
-79675,-38225
-79625,-38225
-79575,-38225
-79525,-38250
-79475,-38275
-79425,-38275
-79375,-38275
-79325,-38275
-79275,-38275
-79225,-38325
-79175,-38325
-79125,-38325
-79075,-38325
-79025,-38325
-78975,-38325
-78925,-38325
-78875,-38325
-78825,-38325
-78775,-38325
-78725,-38325
-78675,-38325
-78625,-38325
-78575,-38325
-78525,-38325
-78475,-38325
-78425,-38325
-78375,-38300
-78325,-38275
-78275,-38275
-78225,-38225
-78175,-38200
-78125,-38150
-78075,-38125
-78025,-38075
-77975,-38050
-77925,-32400
-77875,-33625
-77825,-32675
-77775,-33025
-77725,-35425
-77675,-34400
-77625,-34600
-77575,-34775
-77525,-34975
-77475,-36125
-77425,-36250
-77375,-36400
-77325,-36550
-77275,-36625
-77225,-36800
-77175,-36825
-77125,-36900
-77075,-36950
-77025,-37050
-76975,-37325
-76925,-37250
-76875,-32900
-76825,-32925
-76775,-32950
-76725,-32975
-76675,-32975
-76625,-33000
-76575,-33025
-76525,-33025
-76475,-33025
-76425,-33025
-76375,-33000
-76325,-32975
-76275,-33000
-76225,-33025
-76175,-33025
-76125,-33025
-76075,-32975
-76025,-32975
-75975,-32975
-75925,-32975
-75875,-32975
-75825,-33025
-75775,-33050
-75725,-33075
-75675,-33075
-75625,-33075
-75575,-33075
-75525,-33075
-75475,-33025
-75425,-32875
-75375,-32775
-75325,-32775
-75275,-32775
-75225,-32750
-75175,-32700
-75125,-32650
-75075,-32625
-75025,-32625
-74975,-32625
-74925,-32625
-74875,-32675
-74825,-32675
-74775,-32675
-74725,-32675
-74675,-32650
-74625,-32625
-74575,-32550
-74525,-32525
-74475,-32525
-74425,-32525
-74375,-32525
-74325,-32525
-74275,-32525
-74225,-32525
-74175,-32525
-74125,-32525
-74075,-32525
-74025,-32525
-73975,-32575
-73925,-32650
-73875,-32775
-73825,-32800
-73775,-32875
-73725,-32875
-73675,-32875
-73625,-32925
-73575,-32925
-73525,-32975
-73475,-33000
-73425,-33075
-73375,-33100
-73325,-33125
-73275,-33125
-73225,-33125
-73175,-33125
-73125,-33125
-73075,-33125
-73025,-33125
-72975,-33125
-72925,-33175
-72875,-33250
-72825,-33275
-72775,-33275
-72725,-33325
-72675,-33350
-72625,-33375
-72575,-33375
-72525,-33425
-72475,-33425
-72425,-33425
-72375,-33425
-72325,-33425
-72275,-33425
-72225,-33450
-72175,-33475
-72125,-33500
-72075,-33525
-72025,-33525
-71975,-33525
-71925,-33500
-71875,-33475
-71825,-33425
-71775,-33425
-71725,-33375
-71675,-33375
-71625,-33375
-71575,-33375
-71525,-33375
-71475,-33375
-71425,-33375
-71375,-33375
-71325,-33375
-71275,-33400
-71225,-33425
-71175,-33475
-71125,-33475
-71075,-33500
-71025,-33525
-70975,-33550
-70925,-33600
-70875,-33650
-70825,-33725
-70775,-33825
-70725,-33825
-70675,-33925
-70625,-34025
-70575,-34100
-70525,-34200
-70475,-34275
-70425,-34275
-70375,-34325
-70325,-34325
-70275,-34325
-70225,-34325
-70175,-34325
-70125,-34325
-70075,-34325
-70025,-34375
-69975,-34375
-69925,-34425
-69875,-34500
-69825,-34525
-69775,-34625
-69725,-34675
-69675,-34800
-69625,-34975
-69575,-35025
-69525,-35125
-69475,-35200
-69425,-35275
-69375,-35500
-69325,-35700
-69275,-35825
-69225,-35975
-69175,-36125
-69125,-36125
-69075,-36100
-69025,-36000
-68975,-35825
-68925,-34375
-68875,-34825
-68825,-34925
-68775,-35275
-68725,-34400
-68675,-34425
-68625,-34450
-68575,-34500
-68525,-34525
-68475,-34450
-68425,-34100
-68375,-33900
-68325,-34000
-68275,-34075
-68225,-34100
-68175,-34125
-68125,-34000
-68075,-33800
-68025,-33725
-67975,-33675
-67925,-33675
-67875,-33725
-67825,-33825
-67775,-33825
-67725,-33875
-67675,-33875
-67625,-33875
-67575,-33800
-67525,-33600
-67475,-33450
-67425,-33325
-67375,-33250
-67325,-33150
-67275,-33125
-67225,-33125
-67175,-33175
-67125,-33200
-67075,-33250
-67025,-33275
-66975,-33325
-66925,-33375
-66875,-33375
-66825,-33375
-66775,-33375
-66725,-33375
-66675,-33375
-66625,-33375
-66575,-33375
-66525,-33350
-66475,-33275
-66425,-33250
-66375,-33225
-66325,-33225
-66275,-33225
-66225,-33250
-66175,-33300
-66125,-33325
-66075,-33350
-66025,-33375
-65975,-33375
-65925,-33425
-65875,-33425
-65825,-33475
-65775,-33500
-65725,-33550
-65675,-33600
-65625,-33650
-65575,-33700
-65525,-33725
-65475,-33775
-65425,-33775
-65375,-33775
-65325,-33775
-65275,-33775
-65225,-33725
-65175,-33700
-65125,-33575
-65075,-33425
-65025,-33300
-64975,-33175
-64925,-33150
-64875,-33225
-64825,-33275
-64775,-33325
-64725,-33325
-64675,-33325
-64625,-33350
-64575,-33375
-64525,-33400
-64475,-33425
-64425,-33425
-64375,-33500
-64325,-33525
-64275,-33525
-64225,-33600
-64175,-33625
-64125,-33650
-64075,-33675
-64025,-33675
-63975,-33675
-63925,-33650
-63875,-33625
-63825,-33625
-63775,-33575
-63725,-33525
-63675,-33400
-63625,-33250
-63575,-33150
-63525,-33075
-63475,-33050
-63425,-32975
-63375,-32975
-63325,-32950
-63275,-32875
-63225,-32725
-63175,-32625
-63125,-32575
-63075,-32575
-63025,-32650
-62975,-32825
-62925,-33075
-62875,-33200
-62825,-33275
-62775,-33300
-62725,-33350
-62675,-33450
-62625,-33550
-62575,-33575
-62525,-33575
-62475,-33550
-62425,-33525
-62375,-33525
-62325,-33475
-62275,-33425
-62225,-33375
-62175,-33350
-62125,-33325
-62075,-33325
-62025,-33275
-61975,-33275
-61925,-33300
-61875,-33350
-61825,-33450
-61775,-33525
-61725,-33575
-61675,-33600
-61625,-33650
-61575,-33675
-61525,-33750
-61475,-33775
-61425,-33850
-61375,-33900
-61325,-34000
-61275,-34150
-61225,-34275
-61175,-34375
-61125,-34475
-61075,-34625
-61025,-34700
-60975,-34700
-60925,-34600
-60875,-34400
-60825,-34250
-60775,-34150
-60725,-34025
-60675,-33875
-60625,-33875
-60575,-33900
-60525,-34000
-60475,-34300
-60425,-34575
-60375,-34575
-60325,-34500
-60275,-34450
-60225,-34350
-60175,-34275
-60125,-34225
-60075,-34150
-60025,-34100
-59975,-34050
-59925,-34050
-59875,-34200
-59825,-34350
-59775,-34425
-59725,-34425
-59675,-34425
-59625,-34425
-59575,-34400
-59525,-34350
-59475,-34300
-59425,-34200
-59375,-34175
-59325,-34175
-59275,-34175
-59225,-34150
-59175,-34125
-59125,-34075
-59075,-34050
-59025,-34025
-58975,-33975
-58925,-33925
-58875,-33875
-58825,-33875
-58775,-33875
-58725,-33875
-58675,-33950
-58625,-34000
-58575,-34200
-58525,-34400
-58475,-34425
-58425,-34475
-58375,-34550
-58325,-34675
-58275,-34800
-58225,-34825
-58175,-34850
-58125,-34875
-58075,-34925
-58025,-34925
-57975,-34925
-57925,-34925
-57875,-34875
-57825,-34875
-57775,-34825
-57725,-34800
-57675,-34775
-57625,-34750
-57575,-34725
-57525,-34750
-57475,-34825
-57425,-34850
-57375,-34900
-57325,-34925
-57275,-34950
-57225,-34975
-57175,-34975
-57125,-34975
-57075,-35025
-57025,-35050
-56975,-36350
-56925,-36150
-56875,-36000
-56825,-35900
-56775,-35600
-56725,-36575
-56675,-36600
-56625,-36625
-56575,-36625
-56525,-36625
-56475,-36625
-56425,-36625
-56375,-36625
-56325,-36675
-56275,-36675
-56225,-36725
-56175,-36725
-56125,-36875
-56075,-37050
-56025,-37100
-55975,-37175
-55925,-37175
-55875,-37200
-55825,-37225
-55775,-37225
-55725,-37225
-55675,-37275
-55625,-37300
-55575,-37325
-55525,-37350
-55475,-37375
-55425,-37425
-55375,-37450
-55325,-37475
-55275,-37475
-55225,-37475
-55175,-37525
-55125,-37525
-55075,-37525
-55025,-37525
-54975,-37525
-54925,-37525
-54875,-37525
-54825,-37525
-54775,-37525
-54725,-37525
-54675,-37525
-54625,-37525
-54575,-37525
-54525,-37525
-54475,-37525
-54425,-37525
-54375,-37525
-54325,-37525
-54275,-37525
-54225,-37500
-54175,-37475
-54125,-37475
-54075,-37475
-54025,-37450
-53975,-37425
-53925,-37425
-53875,-37425
-53825,-37400
-53775,-37375
-53725,-37375
-53675,-37350
-53625,-37325
-53575,-37300
-53525,-37275
-53475,-37250
-53425,-37225
-53375,-37175
-53325,-37150
-53275,-37125
-53225,-37100
-53175,-37075
-53125,-37050
-53075,-37025
-53025,-37000
-52975,-36975
-52925,-36950
-52875,-36925
-52825,-36875
-52775,-36850
-52725,-36825
-52675,-36800
-52625,-36775
-52575,-36725
-52525,-36700
-52475,-36675
-52425,-36675
-52375,-36625
-52325,-36575
-52275,-36550
-52225,-36500
-52175,-36475
-52125,-36450
-52075,-36425
-52025,-36425
-51975,-36425
-51925,-36425
-51875,-36425
-51825,-36425
-51775,-36425
-51725,-36425
-51675,-36425
-51625,-36425
-51575,-36425
-51525,-36425
-51475,-36400
-51425,-36350
-51375,-36250
-51325,-36225
-51275,-36175
-51225,-36175
-51175,-36175
-51125,-36175
-51075,-36125
-51025,-36125
-50975,-36125
-50925,-36075
-50875,-36075
-50825,-36050
-50775,-36025
-50725,-36025
-50675,-36025
-50625,-36025
-50575,-36025
-50525,-36025
-50475,-36025
-50425,-36025
-50375,-36025
-50325,-36025
-50275,-36025
-50225,-36025
-50175,-36050
-50125,-36075
-50075,-36100
-50025,-36125
-49975,-36125
-49925,-36175
-49875,-36175
-49825,-36200
-49775,-36225
-49725,-36225
-49675,-36225
-49625,-36250
-49575,-36275
-49525,-36325
-49475,-36350
-49425,-36375
-49375,-36375
-49325,-36375
-49275,-36375
-49225,-36375
-49175,-36375
-49125,-36425
-49075,-36425
-49025,-36425
-48975,-36425
-48925,-36425
-48875,-36450
-48825,-36475
-48775,-36475
-48725,-36475
-48675,-36475
-48625,-36525
-48575,-36525
-48525,-36550
-48475,-36575
-48425,-36575
-48375,-36575
-48325,-36575
-48275,-36575
-48225,-36625
-48175,-36625
-48125,-36625
-48075,-36625
-48025,-36625
-47975,-36625
-47925,-36675
-47875,-36675
-47825,-36675
-47775,-36675
-47725,-36675
-47675,-36700
-47625,-36725
-47575,-36725
-47525,-36725
-47475,-36725
-47425,-36750
-47375,-36775
-47325,-36775
-47275,-36800
-47225,-36825
-47175,-36825
-47125,-36825
-47075,-36825
-47025,-36850
-46975,-36875
-46925,-36875
-46875,-36875
-46825,-36875
-46775,-36875
-46725,-36875
-46675,-36875
-46625,-36900
-46575,-36925
-46525,-36925
-46475,-36925
-46425,-36925
-46375,-36925
-46325,-36925
-46275,-36925
-46225,-36925
-46175,-36925
-46125,-36925
-46075,-36925
-46025,-36925
-45975,-36925
-45925,-36925
-45875,-36925
-45825,-36925
-45775,-36925
-45725,-36925
-45675,-36925
-45625,-36925
-45575,-36925
-45525,-36925
-45475,-36925
-45425,-36925
-45375,-36925
-45325,-36925
-45275,-36925
-45225,-36925
-45175,-36925
-45125,-36925
-45075,-36925
-45025,-36875
-44975,-36875
-44925,-36825
-44875,-36800
-44825,-36775
-44775,-36750
-44725,-36700
-44675,-36675
-44625,-36675
-44575,-36625
-44525,-36600
-44475,-36575
-44425,-36525
-44375,-36475
-44325,-36475
-44275,-36425
-44225,-36425
-44175,-36400
-44125,-36375
-44075,-36375
-44025,-36375
-43975,-36325
-43925,-36325
-43875,-36325
-43825,-36325
-43775,-36325
-43725,-36325
-43675,-36325
-43625,-36325
-43575,-36325
-43525,-36325
-43475,-36325
-43425,-36325
-43375,-36300
-43325,-36275
-43275,-36275
-43225,-36275
-43175,-36275
-43125,-36225
-43075,-36225
-43025,-36225
-42975,-36200
-42925,-36175
-42875,-36175
-42825,-36125
-42775,-36125
-42725,-36100
-42675,-36075
-42625,-36050
-42575,-36025
-42525,-35975
-42475,-35975
-42425,-35975
-42375,-35925
-42325,-35925
-42275,-35875
-42225,-35825
-42175,-35800
-42125,-35775
-42075,-35725
-42025,-35725
-41975,-35675
-41925,-35650
-41875,-35625
-41825,-35575
-41775,-35575
-41725,-35575
-41675,-35525
-41625,-35500
-41575,-35475
-41525,-35475
-41475,-35450
-41425,-35425
-41375,-35375
-41325,-35375
-41275,-35325
-41225,-35325
-41175,-35325
-41125,-35325
-41075,-35275
-41025,-35275
-40975,-35275
-40925,-35275
-40875,-35250
-40825,-35225
-40775,-35225
-40725,-35225
-40675,-35200
-40625,-35175
-40575,-35175
-40525,-35175
-40475,-35175
-40425,-35175
-40375,-35150
-40325,-35125
-40275,-35125
-40225,-35125
-40175,-35125
-40125,-35125
-40075,-35125
-40025,-35125
-39975,-35125
-39925,-35125
-39875,-35125
-39825,-35075
-39775,-35075
-39725,-35075
-39675,-35075
-39625,-35025
-39575,-34975
-39525,-34975
-39475,-34925
-39425,-34875
-39375,-34875
-39325,-34825
-39275,-34825
-39225,-34825
-39175,-34800
-39125,-34775
-39075,-34775
-39025,-34775
-38975,-34775
-38925,-34825
-38875,-34825
-38825,-34825
-38775,-34825
-38725,-34825
-38675,-34825
-38625,-34850
-38575,-34875
-38525,-34875
-38475,-34875
-38425,-34900
-38375,-34925
-38325,-34950
-38275,-34975
-38225,-35025
-38175,-35025
-38125,-35075
-38075,-35075
-38025,-35125
-37975,-35125
-37925,-35125
-37875,-35175
-37825,-35175
-37775,-35175
-37725,-35225
-37675,-35225
-37625,-35250
-37575,-35275
-37525,-35275
-37475,-35325
-37425,-35325
-37375,-35350
-37325,-35375
-37275,-35425
-37225,-35425
-37175,-35475
-37125,-35500
-37075,-35525
-37025,-35525
-36975,-35525
-36925,-35525
-36875,-35550
-36825,-35575
-36775,-35625
-36725,-35675
-36675,-35700
-36625,-35725
-36575,-35725
-36525,-35725
-36475,-35775
-36425,-35800
-36375,-35825
-36325,-35850
-36275,-35875
-36225,-35875
-36175,-35925
-36125,-35925
-36075,-35925
-36025,-35975
-35975,-35975
-35925,-35975
-35875,-35975
-35825,-36000
-35775,-36025
-35725,-36025
-35675,-36025
-35625,-36050
-35575,-36075
-35525,-36075
-35475,-36075
-35425,-36075
-35375,-36075
-35325,-36075
-35275,-36100
-35225,-36125
-35175,-36125
-35125,-36175
-35075,-36175
-35025,-36175
-34975,-36175
-34925,-36175
-34875,-36175
-34825,-36175
-34775,-36175
-34725,-36225
-34675,-36225
-34625,-36225
-34575,-36275
-34525,-36275
-34475,-36275
-34425,-36275
-34375,-36275
-34325,-36275
-34275,-36325
-34225,-36325
-34175,-36325
-34125,-36325
-34075,-36325
-34025,-36350
-33975,-36375
-33925,-36375
-33875,-36375
-33825,-36375
-33775,-36375
-33725,-36425
-33675,-36425
-33625,-36425
-33575,-36475
-33525,-36475
-33475,-36475
-33425,-36475
-33375,-36475
-33325,-36475
-33275,-36475
-33225,-36475
-33175,-36475
-33125,-36475
-33075,-36475
-33025,-36475
-32975,-36475
-32925,-36475
-32875,-36475
-32825,-36475
-32775,-36475
-32725,-36475
-32675,-36475
-32625,-36475
-32575,-36475
-32525,-36475
-32475,-36475
-32425,-36475
-32375,-36475
-32325,-36475
-32275,-36475
-32225,-36475
-32175,-36475
-32125,-36475
-32075,-36475
-32025,-36475
-31975,-36475
-31925,-36475
-31875,-36475
-31825,-36475
-31775,-36475
-31725,-36475
-31675,-36475
-31625,-36475
-31575,-36475
-31525,-36475
-31475,-36475
-31425,-36475
-31375,-36475
-31325,-36475
-31275,-36450
-31225,-36425
-31175,-36425
-31125,-36400
-31075,-36375
-31025,-36375
-30975,-36325
-30925,-36300
-30875,-36275
-30825,-36225
-30775,-36200
-30725,-36175
-30675,-36175
-30625,-36125
-30575,-36100
-30525,-36075
-30475,-36075
-30425,-36075
-30375,-36050
-30325,-36025
-30275,-35975
-30225,-35950
-30175,-35925
-30125,-35925
-30075,-35925
-30025,-35925
-29975,-35875
-29925,-35875
-29875,-35875
-29825,-35875
-29775,-35875
-29725,-35850
-29675,-35825
-29625,-35800
-29575,-35775
-29525,-35775
-29475,-35775
-29425,-35775
-29375,-35750
-29325,-35725
-29275,-35700
-29225,-35675
-29175,-35650
-29125,-35625
-29075,-35600
-29025,-35575
-28975,-35550
-28925,-35525
-28875,-35525
-28825,-35525
-28775,-35475
-28725,-35475
-28675,-35425
-28625,-35400
-28575,-35350
-28525,-35325
-28475,-35275
-28425,-35200
-28375,-35125
-28325,-35050
-28275,-35000
-28225,-34925
-28175,-34925
-28125,-34900
-28075,-34875
-28025,-34800
-27975,-34750
-27925,-34675
-27875,-34650
-27825,-34625
-27775,-34600
-27725,-34575
-27675,-34550
-27625,-34525
-27575,-34475
-27525,-34450
-27475,-34425
-27425,-34375
-27375,-34325
-27325,-34275
-27275,-34250
-27225,-34225
-27175,-34175
-27125,-34150
-27075,-34125
-27025,-34100
-26975,-34075
-26925,-34025
-26875,-34000
-26825,-33975
-26775,-33925
-26725,-33875
-26675,-33875
-26625,-33875
-26575,-33825
-26525,-33825
-26475,-33775
-26425,-33725
-26375,-33700
-26325,-33675
-26275,-33650
-26225,-33625
-26175,-33625
-26125,-33575
-26075,-33525
-26025,-33525
-25975,-33475
-25925,-33450
-25875,-33425
-25825,-33375
-25775,-33375
-25725,-33325
-25675,-33275
-25625,-33225
-25575,-33225
-25525,-33175
-25475,-33175
-25425,-33150
-25375,-33125
-25325,-33075
-25275,-33075
-25225,-33050
-25175,-33025
-25125,-33025
-25075,-32975
-25025,-32975
-24975,-32975
-24925,-32975
-24875,-32975
-24825,-32975
-24775,-32975
-24725,-32975
-24675,-33000
-24625,-33075
-24575,-33175
-24525,-33200
-24475,-33225
-24425,-33275
-24375,-33325
-24325,-33325
-24275,-33375
-24225,-33375
-24175,-33375
-24125,-33425
-24075,-33425
-24025,-33475
-23975,-33475
-23925,-33475
-23875,-33475
-23825,-33475
-23775,-33475
-23725,-33475
-23675,-33525
-23625,-33525
-23575,-33525
-23525,-33575
-23475,-33575
-23425,-33625
-23375,-33625
-23325,-33650
-23275,-33675
-23225,-33700
-23175,-33725
-23125,-33725
-23075,-33775
-23025,-33775
-22975,-33775
-22925,-33825
-22875,-33825
-22825,-33825
-22775,-33875
-22725,-33875
-22675,-33900
-22625,-33925
-22575,-33925
-22525,-33925
-22475,-33925
-22425,-33975
-22375,-33975
-22325,-33975
-22275,-33975
-22225,-34025
-22175,-34025
-22125,-34025
-22075,-34025
-22025,-34025
-21975,-34025
-21925,-34025
-21875,-34050
-21825,-34075
-21775,-34075
-21725,-34075
-21675,-34075
-21625,-34075
-21575,-34075
-21525,-34125
-21475,-34125
-21425,-34125
-21375,-34125
-21325,-34125
-21275,-34125
-21225,-34125
-21175,-34125
-21125,-34125
-21075,-34125
-21025,-34125
-20975,-34125
-20925,-34125
-20875,-34125
-20825,-34125
-20775,-34125
-20725,-34125
-20675,-34125
-20625,-34125
-20575,-34125
-20525,-34125
-20475,-34125
-20425,-34125
-20375,-34125
-20325,-34125
-20275,-34125
-20225,-34125
-20175,-34125
-20125,-34125
-20075,-34125
-20025,-34125
-19975,-34125
-19925,-34125
-19875,-34125
-19825,-34125
-19775,-34125
-19725,-34125
-19675,-34125
-19625,-34125
-19575,-34125
-19525,-34125
-19475,-34125
-19425,-34125
-19375,-34125
-19325,-34125
-19275,-34125
-19225,-34125
-19175,-34125
-19125,-34125
-19075,-34125
-19025,-34125
-18975,-34125
-18925,-34125
-18875,-34125
-18825,-34125
-18775,-34125
-18725,-34125
-18675,-34125
-18625,-34125
-18575,-34125
-18525,-34125
-18475,-34125
-18425,-34125
-18375,-34125
-18325,-34125
-18275,-34125
-18225,-34125
-18175,-34125
-18125,-34125
-18075,-34125
-18025,-34125
-17975,-34125
-17925,-34125
-17875,-34125
-17825,-34125
-17775,-34125
-17725,-34125
-17675,-34125
-17625,-34125
-17575,-34125
-17525,-34125
-17475,-34125
-17425,-34125
-17375,-34125
-17325,-34125
-17275,-34125
-17225,-34125
-17175,-34125
-17125,-34125
-17075,-34125
-17025,-34075
-16975,-34075
-16925,-34025
-16875,-34025
-16825,-33975
-16775,-33950
-16725,-33925
-16675,-33900
-16625,-33875
-16575,-33850
-16525,-33825
-16475,-33775
-16425,-33775
-16375,-33725
-16325,-33725
-16275,-33675
-16225,-33675
-16175,-33675
-16125,-33650
-16075,-33625
-16025,-33625
-15975,-33600
-15925,-33575
-15875,-33550
-15825,-33525
-15775,-33500
-15725,-33475
-15675,-33450
-15625,-33425
-15575,-33425
-15525,-33375
-15475,-33375
-15425,-33375
-15375,-33350
-15325,-33325
-15275,-33325
-15225,-33325
-15175,-33275
-15125,-33275
-15075,-33225
-15025,-33225
-14975,-33225
-14925,-33200
-14875,-33175
-14825,-33175
-14775,-33175
-14725,-33125
-14675,-33125
-14625,-33075
-14575,-33075
-14525,-33025
-14475,-33025
-14425,-32975
-14375,-32975
-14325,-32925
-14275,-32925
-14225,-32875
-14175,-32875
-14125,-32875
-14075,-32825
-14025,-32825
-13975,-32825
-13925,-32775
-13875,-32775
-13825,-32775
-13775,-32725
-13725,-32725
-13675,-32700
-13625,-32675
-13575,-32650
-13525,-32625
-13475,-32600
-13425,-32575
-13375,-32575
-13325,-32525
-13275,-32525
-13225,-32475
-13175,-32475
-13125,-32475
-13075,-32450
-13025,-32425
-12975,-32425
-12925,-32425
-12875,-32375
-12825,-32375
-12775,-32325
-12725,-32325
-12675,-32275
-12625,-32275
-12575,-32225
-12525,-32225
-12475,-32175
-12425,-32150
-12375,-32125
-12325,-32100
-12275,-32075
-12225,-32025
-12175,-32000
-12125,-31975
-12075,-31925
-12025,-31900
-11975,-31875
-11925,-31850
-11875,-31825
-11825,-31800
-11775,-31775
-11725,-31750
-11675,-31725
-11625,-31675
-11575,-31675
-11525,-31625
-11475,-31625
-11425,-31575
-11375,-31550
-11325,-31525
-11275,-31500
-11225,-31475
-11175,-31475
-11125,-31425
-11075,-31425
-11025,-31400
-10975,-31375
-10925,-31350
-10875,-31325
-10825,-31325
-10775,-31275
-10725,-31275
-10675,-31275
-10625,-31225
-10575,-31225
-10525,-31225
-10475,-31175
-10425,-31175
-10375,-31150
-10325,-31125
-10275,-31100
-10225,-31075
-10175,-31050
-10125,-31025
-10075,-31000
-10025,-30975
-9975,-30975
-9925,-30950
-9875,-30925
-9825,-30925
-9775,-30925
-9725,-30900
-9675,-30875
-9625,-30875
-9575,-30875
-9525,-30875
-9475,-30825
-9425,-30825
-9375,-30825
-9325,-30825
-9275,-30825
-9225,-30825
-9175,-30825
-9125,-30800
-9075,-30775
-9025,-30775
-8975,-30775
-8925,-30750
-8875,-30725
-8825,-30725
-8775,-30725
-8725,-30675
-8675,-30675
-8625,-30675
-8575,-30675
-8525,-30675
-8475,-30675
-8425,-30625
-8375,-30625
-8325,-30625
-8275,-30575
-8225,-30575
-8175,-30575
-8125,-30575
-8075,-30575
-8025,-30575
-7975,-30525
-7925,-30525
-7875,-30525
-7825,-30525
-7775,-30525
-7725,-30525
-7675,-30525
-7625,-30475
-7575,-30475
-7525,-30475
-7475,-30450
-7425,-30425
-7375,-30425
-7325,-30425
-7275,-30425
-7225,-30375
-7175,-30375
-7125,-30375
-7075,-30350
-7025,-30325
-6975,-30325
-6925,-30325
-6875,-30325
-6825,-30325
-6775,-30325
-6725,-30300
-6675,-30275
-6625,-30275
-6575,-30275
-6525,-30275
-6475,-30275
-6425,-30275
-6375,-30275
-6325,-30275
-6275,-30275
-6225,-30275
-6175,-30275
-6125,-30275
-6075,-30275
-6025,-30275
-5975,-30275
-5925,-30275
-5875,-30275
-5825,-30275
-5775,-30275
-5725,-30275
-5675,-30275
-5625,-30275
-5575,-30275
-5525,-30275
-5475,-30300
-5425,-30325
-5375,-30325
-5325,-30375
-5275,-30375
-5225,-30425
-5175,-30425
-5125,-30425
-5075,-30475
-5025,-30475
-4975,-30500
-4925,-30525
-4875,-30550
-4825,-30575
-4775,-30575
-4725,-30575
-4675,-30625
-4625,-30625
-4575,-30625
-4525,-30625
-4475,-30675
-4425,-30675
-4375,-30725
-4325,-30725
-4275,-30725
-4225,-30725
-4175,-30775
-4125,-30775
-4075,-30775
-4025,-30775
-3975,-30825
-3925,-30825
-3875,-30875
-3825,-30875
-3775,-30875
-3725,-30875
-3675,-30900
-3625,-30925
-3575,-30925
-3525,-30925
-3475,-30925
-3425,-30950
-3375,-30975
-3325,-30975
-3275,-30975
-3225,-31000
-3175,-31025
-3125,-31025
-3075,-31025
-3025,-31075
-2975,-31075
-2925,-31125
-2875,-31125
-2825,-31125
-2775,-31125
-2725,-31175
-2675,-31175
-2625,-31175
-2575,-31175
-2525,-31200
-2475,-31225
-2425,-31225
-2375,-31225
-2325,-31250
-2275,-31275
-2225,-31275
-2175,-31275
-2125,-31325
-2075,-31325
-2025,-31375
-1975,-31375
-1925,-31400
-1875,-31425
-1825,-31450
-1775,-31475
-1725,-31475
-1675,-31500
-1625,-31525
-1575,-31525
-1525,-31525
-1475,-31575
-1425,-31575
-1375,-31625
-1325,-31625
-1275,-31625
-1225,-31675
-1175,-31675
-1125,-31725
-1075,-31725
-1025,-31775
-975,-31775
-925,-31825
-875,-31825
-825,-31825
-775,-31875
-725,-31875
-675,-31875
-625,-31875
-575,-31925
-525,-31925
-475,-31975
-425,-31975
-375,-31975
-325,-32025
-275,-32025
-225,-32075
-175,-32075
-125,-32075
-75,-32100
-25,-32125
25,-32125
75,-32125
125,-32175
175,-32175
225,-32225
275,-32225
325,-32225
375,-32225
425,-32275
475,-32275
525,-32275
575,-32300
625,-32325
675,-32350
725,-32375
775,-32375
825,-32375
875,-32425
925,-32425
975,-32425
1025,-32425
1075,-32450
1125,-32475
1175,-32475
1225,-32500
1275,-32525
1325,-32550
1375,-32575
1425,-32575
1475,-32600
1525,-32625
1575,-32625
1625,-32625
1675,-32650
1725,-32675
1775,-32675
1825,-32675
1875,-32700
1925,-32725
1975,-32725
2025,-32725
2075,-32725
2125,-32725
2175,-32725
2225,-32725
2275,-32750
2325,-32775
2375,-32775
2425,-32775
2475,-32775
2525,-32775
2575,-32775
2625,-32800
2675,-32825
2725,-32825
2775,-32825
2825,-32850
2875,-32875
2925,-32875
2975,-32875
3025,-32875
3075,-32875
3125,-32875
3175,-32875
3225,-32900
3275,-32925
3325,-32925
3375,-32925
3425,-32975
3475,-32975
3525,-32975
3575,-33025
3625,-33025
3675,-33025
3725,-33025
3775,-33025
3825,-33025
3875,-33075
3925,-33075
3975,-33075
4025,-33125
4075,-33125
4125,-33125
4175,-33125
4225,-33125
4275,-33125
4325,-33125
4375,-33125
4425,-33125
4475,-33125
4525,-33125
4575,-33125
4625,-33125
4675,-33125
4725,-33125
4775,-33125
4825,-33125
4875,-33125
4925,-33125
4975,-33125
5025,-33125
5075,-33125
5125,-33125
5175,-33125
5225,-33125
5275,-33125
5325,-33125
5375,-33125
5425,-33125
5475,-33125
5525,-33125
5575,-33125
5625,-33125
5675,-33125
5725,-33125
5775,-33125
5825,-33125
5875,-33125
5925,-33125
5975,-33125
6025,-33125
6075,-33125
6125,-33100
6175,-33075
6225,-33075
6275,-33025
6325,-32975
6375,-32975
6425,-32975
6475,-32975
6525,-32925
6575,-32900
6625,-32875
6675,-32825
6725,-32825
6775,-32775
6825,-32775
6875,-32725
6925,-32700
6975,-32675
7025,-32650
7075,-32625
7125,-32575
7175,-32550
7225,-32525
7275,-32500
7325,-32475
7375,-32475
7425,-32475
7475,-32425
7525,-32400
7575,-32375
7625,-32375
7675,-32325
7725,-32325
7775,-32275
7825,-32225
7875,-32200
7925,-32175
7975,-32150
8025,-32125
8075,-32125
8125,-32100
8175,-32050
8225,-32000
8275,-31950
8325,-31925
8375,-31875
8425,-31825
8475,-31775
8525,-31700
8575,-31625
8625,-31575
8675,-31550
8725,-31500
8775,-31400
8825,-31350
8875,-31275
8925,-31250
8975,-31225
9025,-31225
9075,-31175
9125,-31125
9175,-31125
9225,-31125
9275,-31075
9325,-31025
9375,-31025
9425,-31000
9475,-30975
9525,-30975
9575,-30975
9625,-30975
9675,-30925
9725,-30925
9775,-30925
9825,-30925
9875,-30925
9925,-30925
9975,-30900
10025,-30875
10075,-30875
10125,-30825
10175,-30825
10225,-30825
10275,-30825
10325,-30775
10375,-30750
10425,-30700
10475,-30675
10525,-30650
10575,-30625
10625,-30575
10675,-30525
10725,-30500
10775,-30475
10825,-30450
10875,-30425
10925,-30425
10975,-30375
11025,-30375
11075,-30375
11125,-30375
11175,-30375
11225,-30375
11275,-30375
11325,-30400
11375,-30425
11425,-30450
11475,-30475
11525,-30475
11575,-30525
11625,-30525
11675,-30525
11725,-30550
11775,-30575
11825,-30575
11875,-30625
11925,-30625
11975,-30650
12025,-30675
12075,-30675
12125,-30725
12175,-30725
12225,-30750
12275,-30775
12325,-30775
12375,-30825
12425,-30825
12475,-30850
12525,-30875
12575,-30900
12625,-30925
12675,-30925
12725,-30975
12775,-30975
12825,-31000
12875,-31025
12925,-31050
12975,-31075
13025,-31075
13075,-31100
13125,-31125
13175,-31125
13225,-31125
13275,-31175
13325,-31175
13375,-31200
13425,-31225
13475,-31275
13525,-31275
13575,-31325
13625,-31325
13675,-31325
13725,-31350
13775,-31350
13825,-31325
13875,-31325
13925,-31325
13975,-31325
14025,-31275
14075,-31275
14125,-31225
14175,-31175
14225,-31125
14275,-31125
14325,-31075
14375,-31025
14425,-30975
14475,-30925
14525,-30900
14575,-30875
14625,-30825
14675,-30775
14725,-30775
14775,-30725
14825,-30700
14875,-30675
14925,-30625
14975,-30625
15025,-30575
15075,-30575
15125,-30525
15175,-30525
15225,-30475
15275,-30400
15325,-30300
15375,-30275
15425,-30200
15475,-30150
15525,-30075
15575,-30075
15625,-30025
15675,-30000
15725,-29925
15775,-29875
15825,-29825
15875,-29775
15925,-29750
15975,-29725
16025,-29675
16075,-29625
16125,-29625
16175,-29600
16225,-29575
16275,-29525
16325,-29475
16375,-29450
16425,-29400
16475,-29350
16525,-29275
16575,-29225
16625,-29200
16675,-29125
16725,-29050
16775,-28975
16825,-28950
16875,-28875
16925,-28850
16975,-28775
17025,-28725
17075,-28650
17125,-28550
17175,-28500
17225,-28475
17275,-28425
17325,-28350
17375,-28300
17425,-28250
17475,-28175
17525,-28150
17575,-28100
17625,-28075
17675,-28075
17725,-28075
17775,-28075
17825,-28075
17875,-28075
17925,-28075
17975,-28075
18025,-28025
18075,-28025
18125,-28025
18175,-28000
18225,-27975
18275,-27975
18325,-27975
18375,-27975
18425,-27950
18475,-27925
18525,-27875
18575,-27725
18625,-27575
18675,-27475
18725,-27450
18775,-27375
18825,-27300
18875,-27250
18925,-27200
18975,-27125
19025,-27125
19075,-27050
19125,-26975
19175,-26900
19225,-26850
19275,-26775
19325,-26675
19375,-26550
19425,-26450
19475,-26325
19525,-26225
19575,-26125
19625,-26075
19675,-26075
19725,-26125
19775,-26125
19825,-26175
19875,-26225
19925,-26225
19975,-26275
20025,-26275
20075,-26275
20125,-26275
20175,-26325
20225,-26375
20275,-26375
20325,-26375
20375,-26400
20425,-26425
20475,-26450
20525,-26475
20575,-26500
20625,-26525
20675,-26575
20725,-26575
20775,-26600
20825,-26625
20875,-26675
20925,-26700
20975,-26775
21025,-26800
21075,-26850
21125,-26875
21175,-26900
21225,-26925
21275,-26975
21325,-26975
21375,-26975
21425,-27000
21475,-27025
21525,-27025
21575,-27025
21625,-27025
21675,-27025
21725,-27025
21775,-27025
21825,-27025
21875,-27025
21925,-27025
21975,-26975
22025,-26925
22075,-26925
22125,-26875
22175,-26875
22225,-26875
22275,-26825
22325,-26825
22375,-26775
22425,-26775
22475,-26725
22525,-26700
22575,-26675
22625,-26675
22675,-26675
22725,-26625
22775,-26600
22825,-26550
22875,-26500
22925,-26450
22975,-26375
23025,-26325
23075,-26250
23125,-26150
23175,-26075
23225,-26050
23275,-25950
23325,-25875
23375,-25825
23425,-25750
23475,-25700
23525,-25675
23575,-25675
23625,-25675
23675,-25675
23725,-25725
23775,-25750
23825,-25800
23875,-25825
23925,-25825
23975,-25825
24025,-25825
24075,-25825
24125,-25825
24175,-25825
24225,-25825
24275,-25825
24325,-25825
24375,-25825
24425,-25825
24475,-25825
24525,-25825
24575,-25825
24625,-25825
24675,-25825
24725,-25825
24775,-25825
24825,-25825
24875,-25850
24925,-25875
24975,-25875
25025,-25875
25075,-25875
25125,-25925
25175,-25925
25225,-25925
25275,-25925
25325,-25950
25375,-25975
25425,-25975
25475,-25975
25525,-25975
25575,-25975
25625,-25975
25675,-25975
25725,-25975
25775,-25975
25825,-25975
25875,-25975
25925,-25975
25975,-25975
26025,-25975
26075,-25975
26125,-25925
26175,-25900
26225,-25875
26275,-25850
26325,-25825
26375,-25825
26425,-25775
26475,-25775
26525,-25775
26575,-25725
26625,-25675
26675,-25625
26725,-25625
26775,-25575
26825,-25575
26875,-25525
26925,-25525
26975,-25475
27025,-25475
27075,-25475
27125,-25450
27175,-25425
27225,-25375
27275,-25375
27325,-25325
27375,-25325
27425,-25325
27475,-25325
27525,-25275
27575,-25275
27625,-25225
27675,-25225
27725,-25175
27775,-25125
27825,-25125
27875,-25125
27925,-25100
27975,-25075
28025,-25075
28075,-25025
28125,-25025
28175,-25025
28225,-25025
28275,-25025
28325,-25025
28375,-25025
28425,-25025
28475,-25025
28525,-25025
28575,-25025
28625,-25025
28675,-25025
28725,-25025
28775,-25025
28825,-25025
28875,-25025
28925,-25025
28975,-25025
29025,-25025
29075,-25025
29125,-25025
29175,-25025
29225,-25025
29275,-25025
29325,-25025
29375,-25025
29425,-25025
29475,-25025
29525,-25025
29575,-25025
29625,-25025
29675,-25025
29725,-25025
29775,-25075
29825,-25075
29875,-25075
29925,-25125
29975,-25125
30025,-25175
30075,-25175
30125,-25200
30175,-25225
30225,-25225
30275,-25275
30325,-25275
30375,-25275
30425,-25325
30475,-25325
30525,-25325
30575,-25325
30625,-25325
30675,-25325
30725,-25325
30775,-25350
30825,-25375
30875,-25375
30925,-25375
30975,-25375
31025,-25425
31075,-25425
31125,-25425
31175,-25425
31225,-25475
31275,-25475
31325,-25475
31375,-25525
31425,-25525
31475,-25525
31525,-25525
31575,-25525
31625,-25550
31675,-25575
31725,-25575
31775,-25600
31825,-25625
31875,-25625
31925,-25625
31975,-25625
32025,-25675
32075,-25675
32125,-25675
32175,-25675
32225,-25675
32275,-25675
32325,-25675
32375,-25675
32425,-25675
32475,-25675
32525,-25675
32575,-25675
32625,-25675
32675,-25675
32725,-25675
32775,-25675
32825,-25675
32875,-25675
32925,-25675
32975,-25675
33025,-25675
33075,-25675
33125,-25675
33175,-25675
33225,-25675
33275,-25675
33325,-25675
33375,-25675
33425,-25675
33475,-25675
33525,-25675
33575,-25675
33625,-25675
33675,-25675
33725,-25675
33775,-25675
33825,-25675
33875,-25675
33925,-25675
33975,-25675
34025,-25675
34075,-25675
34125,-25675
34175,-25625
34225,-25575
34275,-25575
34325,-25575
34375,-25525
34425,-25475
34475,-25475
34525,-25425
34575,-25375
34625,-25375
34675,-25375
34725,-25325
34775,-25275
34825,-25275
34875,-25275
34925,-25250
34975,-25225
35025,-25200
35075,-25175
35125,-25150
35175,-25125
35225,-25125
35275,-25125
35325,-25100
35375,-25075
35425,-25075
35475,-25075
35525,-25075
35575,-25075
35625,-25075
35675,-25075
35725,-25025
35775,-25025
35825,-25025
35875,-25025
35925,-25025
35975,-25025
36025,-25000
36075,-24975
36125,-24975
36175,-24975
36225,-24975
36275,-24975
36325,-24975
36375,-24975
36425,-24975
36475,-24975
36525,-24975
36575,-24975
36625,-24975
36675,-24925
36725,-24925
36775,-24925
36825,-24925
36875,-24925
36925,-24925
36975,-24900
37025,-24875
37075,-24875
37125,-24875
37175,-24825
37225,-24825
37275,-24825
37325,-24775
37375,-24775
37425,-24775
37475,-24750
37525,-24725
37575,-24725
37625,-24725
37675,-24725
37725,-24725
37775,-24725
37825,-24725
37875,-24725
37925,-24725
37975,-24725
38025,-24725
38075,-24725
38125,-24725
38175,-24775
38225,-24775
38275,-24825
38325,-24825
38375,-24825
38425,-24900
38475,-24925
38525,-24975
38575,-24975
38625,-25000
38675,-25025
38725,-25025
38775,-25050
38825,-25075
38875,-25100
38925,-25125
38975,-25150
39025,-25175
39075,-25200
39125,-25225
39175,-25275
39225,-25275
39275,-25275
39325,-25325
39375,-25325
39425,-25325
39475,-25325
39525,-25325
39575,-25350
39625,-25375
39675,-25400
39725,-25425
39775,-25450
39825,-25475
39875,-25525
39925,-25550
39975,-25575
40025,-25625
40075,-25675
40125,-25725
40175,-25775
40225,-25850
40275,-25925
40325,-25925
40375,-25975
40425,-26025
40475,-26050
40525,-26075
40575,-26075
40625,-26125
40675,-26150
40725,-26175
40775,-26225
40825,-26275
40875,-26325
40925,-26350
40975,-26375
41025,-26375
41075,-26375
41125,-26425
41175,-26425
41225,-26425
41275,-26475
41325,-26525
41375,-26525
41425,-26525
41475,-26575
41525,-26575
41575,-26625
41625,-26600
41675,-26575
41725,-26625
41775,-26625
41825,-26650
41875,-26675
41925,-26725
41975,-26750
42025,-26775
42075,-26800
42125,-26825
42175,-26825
42225,-26875
42275,-26875
42325,-26875
42375,-26875
42425,-26925
42475,-26925
42525,-26975
42575,-26975
42625,-26975
42675,-27025
42725,-27025
42775,-27025
42825,-27075
42875,-27100
42925,-27125
42975,-27175
43025,-27175
43075,-27225
43125,-27225
43175,-27225
43225,-27225
43275,-27225
43325,-27250
43375,-27275
43425,-27275
43475,-27275
43525,-27275
43575,-27275
43625,-27325
43675,-27325
43725,-27325
43775,-27325
43825,-27325
43875,-27375
43925,-27375
43975,-27375
44025,-27375
44075,-27375
44125,-27375
44175,-27400
44225,-27425
44275,-27425
44325,-27425
44375,-27425
44425,-27425
44475,-27425
44525,-27425
44575,-27425
44625,-27425
44675,-27425
44725,-27425
44775,-27425
44825,-27425
44875,-27425
44925,-27425
44975,-27425
45025,-27425
45075,-27425
45125,-27425
45175,-27425
45225,-27425
45275,-27425
45325,-27425
45375,-27425
45425,-27425
45475,-27425
45525,-27425
45575,-27425
45625,-27425
45675,-27425
45725,-27425
45775,-27425
45825,-27425
45875,-27425
45925,-27425
45975,-27400
46025,-27375
46075,-27375
46125,-27375
46175,-27375
46225,-27375
46275,-27350
46325,-27325
46375,-27275
46425,-27275
46475,-27275
46525,-27275
46575,-27250
46625,-27225
46675,-27225
46725,-27175
46775,-27175
46825,-27150
46875,-27125
46925,-27125
46975,-27075
47025,-27075
47075,-27050
47125,-27025
47175,-27025
47225,-26975
47275,-26975
47325,-26950
47375,-26925
47425,-26875
47475,-26875
47525,-26825
47575,-26825
47625,-26775
47675,-26775
47725,-26725
47775,-26725
47825,-26675
47875,-26675
47925,-26625
47975,-26625
48025,-26575
48075,-26575
48125,-26525
48175,-26500
48225,-26475
48275,-26450
48325,-26425
48375,-26400
48425,-26375
48475,-26350
48525,-26325
48575,-26275
48625,-26275
48675,-26225
48725,-26225
48775,-26200
48825,-26175
48875,-26175
48925,-26125
48975,-26075
49025,-26025
49075,-26025
49125,-25975
49175,-25975
49225,-25925
49275,-25900
49325,-25875
49375,-25825
49425,-25800
49475,-25775
49525,-25725
49575,-25725
49625,-25675
49675,-25675
49725,-25625
49775,-25625
49825,-25575
49875,-25525
49925,-25475
49975,-25450
50025,-25425
50075,-25375
50125,-25375
50175,-25325
50225,-25300
50275,-25275
50325,-25225
50375,-25175
50425,-25125
50475,-25075
50525,-25050
50575,-25025
50625,-24975
50675,-24925
50725,-24900
50775,-24875
50825,-24825
50875,-24775
50925,-24725
50975,-24675
51025,-24625
51075,-24550
51125,-24500
51175,-24425
51225,-24425
51275,-24350
51325,-24300
51375,-24275
51425,-24225
51475,-24200
51525,-24150
51575,-24100
51625,-24075
51675,-24000
51725,-23925
51775,-23900
51825,-23875
51875,-23800
51925,-23725
51975,-23675
52025,-23625
52075,-23550
52125,-23475
52175,-23425
52225,-23350
52275,-23300
52325,-23225
52375,-23225
52425,-23175
52475,-23125
52525,-23075
52575,-23050
52625,-23025
52675,-22975
52725,-22975
52775,-22900
52825,-22850
52875,-22775
52925,-22775
52975,-22725
53025,-22675
53075,-22675
53125,-22625
53175,-22600
53225,-22550
53275,-22475
53325,-22450
53375,-22425
53425,-22375
53475,-22375
53525,-22350
53575,-22325
53625,-22325
53675,-22275
53725,-22275
53775,-22275
53825,-22225
53875,-22225
53925,-22200
53975,-22175
54025,-22175
54075,-22150
54125,-22125
54175,-22125
54225,-22125
54275,-22125
54325,-22125
54375,-22125
54425,-22125
54475,-22125
54525,-22125
54575,-22125
54625,-22125
54675,-22125
54725,-22125
54775,-22125
54825,-22125
54875,-22125
54925,-22125
54975,-22175
55025,-22225
55075,-22250
55125,-22275
55175,-22275
55225,-22325
55275,-22325
55325,-22350
55375,-22375
55425,-22425
55475,-22425
55525,-22475
55575,-22475
55625,-22500
55675,-22525
55725,-22525
55775,-22575
55825,-22625
55875,-22625
55925,-22625
55975,-22650
56025,-22700
56075,-22725
56125,-22775
56175,-22775
56225,-22800
56275,-22825
56325,-22825
56375,-22875
56425,-22875
56475,-22900
56525,-22925
56575,-22975
56625,-22975
56675,-23025
56725,-23025
56775,-23025
56825,-23025
56875,-23075
56925,-23075
56975,-23075
57025,-23075
57075,-23075
57125,-23075
57175,-23075
57225,-23075
57275,-23125
57325,-23125
57375,-23125
57425,-23125
57475,-23125
57525,-23150
57575,-23175
57625,-23175
57675,-23225
57725,-23225
57775,-23250
57825,-23275
57875,-23275
57925,-23275
57975,-23275
58025,-23325
58075,-23325
58125,-23375
58175,-23425
58225,-23425
58275,-23475
58325,-23500
58375,-23525
58425,-23550
58475,-23575
58525,-23600
58575,-23625
58625,-23675
58675,-23675
58725,-23725
58775,-23725
58825,-23750
58875,-23775
58925,-23775
58975,-23800
59025,-23825
59075,-23825
59125,-23875
59175,-23875
59225,-23875
59275,-23875
59325,-23875
59375,-23875
59425,-23925
59475,-23925
59525,-23925
59575,-23925
59625,-23925
59675,-23925
59725,-23925
59775,-23950
59825,-23975
59875,-23975
59925,-23975
59975,-24000
60025,-24025
60075,-24025
60125,-24025
60175,-24075
60225,-24075
60275,-24075
60325,-24075
60375,-24125
60425,-24125
60475,-24125
60525,-24125
60575,-24150
60625,-24175
60675,-24175
60725,-24175
60775,-24175
60825,-24225
60875,-24225
60925,-24225
60975,-24225
61025,-24225
61075,-24225
61125,-24225
61175,-24225
61225,-24250
61275,-24275
61325,-24275
61375,-24275
61425,-24275
61475,-24275
61525,-24275
61575,-24275
61625,-24275
61675,-24275
61725,-24275
61775,-24275
61825,-24275
61875,-24275
61925,-24275
61975,-24275
62025,-24275
62075,-24275
62125,-24275
62175,-24275
62225,-24275
62275,-24275
62325,-24275
62375,-24275
62425,-24275
62475,-24275
62525,-24275
62575,-24275
62625,-24275
62675,-24275
62725,-24275
62775,-24275
62825,-24275
62875,-24275
62925,-24275
62975,-24275
63025,-24275
63075,-24225
63125,-24225
63175,-24225
63225,-24200
63275,-24150
63325,-24125
63375,-24125
63425,-24075
63475,-24025
63525,-23975
63575,-23925
63625,-23875
63675,-23825
63725,-23775
63775,-23725
63825,-23675
63875,-23625
63925,-23575
63975,-23575
64025,-23525
64075,-23475
64125,-23450
64175,-23425
64225,-23375
64275,-23325
64325,-23275
64375,-23225
64425,-23175
64475,-23150
64525,-23125
64575,-23075
64625,-23050
64675,-23025
64725,-23000
64775,-22975
64825,-22975
64875,-22925
64925,-22925
64975,-22875
65025,-22875
65075,-22850
65125,-22825
65175,-22800
65225,-22775
65275,-22750
65325,-22725
65375,-22700
65425,-22675
65475,-22675
65525,-22675
65575,-22625
65625,-22625
65675,-22625
65725,-22625
65775,-22625
65825,-22575
65875,-22575
65925,-22575
65975,-22575
66025,-22550
66075,-22525
66125,-22525
66175,-22525
66225,-22525
66275,-22525
66325,-22525
66375,-22525
66425,-22525
66475,-22525
66525,-22525
66575,-22575
66625,-22625
66675,-22625
66725,-22625
66775,-22625
66825,-22675
66875,-22675
66925,-22725
66975,-22775
67025,-22800
67075,-22825
67125,-22875
67175,-22875
67225,-22875
67275,-22875
67325,-22875
67375,-22875
67425,-22875
67475,-22925
67525,-22925
67575,-22925
67625,-22925
67675,-22925
67725,-22950
67775,-22975
67825,-23000
67875,-23025
67925,-23025
67975,-23050
68025,-23075
68075,-23075
68125,-23075
68175,-23075
68225,-23075
68275,-23075
68325,-23075
68375,-23075
68425,-23100
68475,-23125
68525,-23125
68575,-23125
68625,-23125
68675,-23175
68725,-23175
68775,-23175
68825,-23175
68875,-23175
68925,-23200
68975,-23225
69025,-23225
69075,-23225
69125,-23225
69175,-23225
69225,-23250
69275,-23275
69325,-23275
69375,-23275
69425,-23275
69475,-23325
69525,-23325
69575,-23325
69625,-23375
69675,-23375
69725,-23375
69775,-23375
69825,-23375
69875,-23425
69925,-23425
69975,-23425
70025,-23425
70075,-23425
70125,-23425
70175,-23475
70225,-23475
70275,-23475
70325,-23475
70375,-23475
70425,-23525
70475,-23525
70525,-23525
70575,-23525
70625,-23575
70675,-23575
70725,-23625
70775,-23625
70825,-23650
70875,-23675
70925,-23700
70975,-23725
71025,-23750
71075,-23775
71125,-23800
71175,-23825
71225,-23825
71275,-23875
71325,-23875
71375,-23875
71425,-23900
71475,-23925
71525,-23925
71575,-23975
71625,-23975
71675,-24025
71725,-24025
71775,-24050
71825,-24075
71875,-24075
71925,-24075
71975,-24125
72025,-24125
72075,-24175
72125,-24175
72175,-24225
72225,-24225
72275,-24250
72325,-24275
72375,-24275
72425,-24325
72475,-24325
72525,-24375
72575,-24375
72625,-24400
72675,-24425
72725,-24425
72775,-24475
72825,-24475
72875,-24525
72925,-24550
72975,-24575
73025,-24600
73075,-24625
73125,-24625
73175,-24675
73225,-24675
73275,-24700
73325,-24725
73375,-24775
73425,-24775
73475,-24825
73525,-24875
73575,-24875
73625,-24925
73675,-24975
73725,-25025
73775,-25025
73825,-25075
73875,-25075
73925,-25125
73975,-25125
74025,-25175
74075,-25225
74125,-25275
74175,-25300
74225,-25325
74275,-25350
74325,-25375
74375,-25425
74425,-25425
74475,-25475
74525,-25525
74575,-25525
74625,-25575
74675,-25575
74725,-25625
74775,-25625
74825,-25675
74875,-25675
74925,-25725
74975,-25725
75025,-25775
75075,-25775
75125,-25800
75175,-25825
75225,-25825
75275,-25875
75325,-25875
75375,-25875
75425,-25875
75475,-25925
75525,-25925
75575,-25950
75625,-25975
75675,-25975
75725,-25975
75775,-25975
75825,-25975
75875,-25975
75925,-25975
75975,-25975
76025,-26000
76075,-26025
76125,-26025
76175,-26025
76225,-26025
76275,-26025
76325,-26050
76375,-26075
76425,-26075
76475,-26075
76525,-26125
76575,-26125
76625,-26125
76675,-26175
76725,-26175
76775,-26175
76825,-26175
76875,-26200
76925,-26225
76975,-26225
77025,-26250
77075,-26300
77125,-26350
77175,-26375
77225,-26375
77275,-26375
77325,-26425
77375,-26425
77425,-26475
77475,-26475
77525,-26475
77575,-26525
77625,-26525
77675,-26550
77725,-26575
77775,-26575
77825,-26575
77875,-26575
77925,-26575
77975,-26575
78025,-26575
78075,-26575
78125,-26525
78175,-26475
78225,-26450
78275,-26425
78325,-26350
78375,-26250
78425,-26200
78475,-26175
78525,-26100
78575,-26025
78625,-26000
78675,-25950
78725,-25850
78775,-25825
78825,-25775
78875,-25750
78925,-25700
78975,-25625
79025,-25625
79075,-25575
79125,-25550
79175,-25500
79225,-25475
79275,-25475
79325,-25425
79375,-25425
79425,-25425
79475,-25400
79525,-25375
79575,-25325
79625,-25275
79675,-25275
79725,-25275
79775,-25275
79825,-25225
79875,-25225
79925,-25200
79975,-25175
80025,-25125
80075,-25075
80125,-25075
80175,-25075
80225,-25075
80275,-25050
80325,-25025
80375,-25025
80425,-24975
80475,-24975
80525,-24950
80575,-24925
80625,-24900
80675,-24875
80725,-24875
80775,-24850
80825,-24825
80875,-24825
80925,-24800
80975,-24775
81025,-24750
81075,-24725
81125,-24725
81175,-24725
81225,-24675
81275,-24675
81325,-24675
81375,-24675
81425,-24675
81475,-24675
81525,-24675
81575,-24675
81625,-24675
81675,-24675
81725,-24625
81775,-24625
81825,-24625
81875,-24625
81925,-24575
81975,-24575
82025,-24525
82075,-24525
82125,-24525
82175,-24525
82225,-24525
82275,-24525
82325,-24525
82375,-24525
82425,-24525
82475,-24525
82525,-24525
82575,-24525
82625,-24575
82675,-24675
82725,-24675
82775,-24725
82825,-24800
82875,-24850
82925,-24875
82975,-24875
83025,-24925
83075,-24925
83125,-24975
83175,-25000
83225,-25025
83275,-25025
83325,-25050
83375,-25075
83425,-25075
83475,-25125
83525,-25125
83575,-25175
83625,-25175
83675,-25225
83725,-25225
83775,-25225
83825,-25225
83875,-25275
83925,-25275
83975,-25275
84025,-25275
84075,-25300
84125,-25325
84175,-25325
84225,-25325
84275,-25325
84325,-25275
84375,-25275
84425,-25275
84475,-25275
84525,-25275
84575,-25275
84625,-25275
84675,-25250
84725,-25225
84775,-25225
84825,-25225
84875,-25225
84925,-25225
84975,-25225
85025,-25175
85075,-25175
85125,-25175
85175,-25150
85225,-25125
85275,-25125
85325,-25100
85375,-25075
85425,-25025
85475,-25000
85525,-24975
85575,-24950
85625,-24925
85675,-24900
85725,-24875
85775,-24875
85825,-24825
85875,-24825
85925,-24775
85975,-24775
86025,-24725
86075,-24725
86125,-24675
86175,-24675
86225,-24625
86275,-24625
86325,-24575
86375,-24575
86425,-24550
86475,-24525
86525,-24525
86575,-24475
86625,-24475
86675,-24425
86725,-24425
86775,-24400
86825,-24375
86875,-24375
86925,-24350
86975,-24325
87025,-24300
87075,-24275
87125,-24275
87175,-24250
87225,-24225
87275,-24225
87325,-24225
87375,-24175
87425,-24175
87475,-24150
87525,-24125
87575,-24100
87625,-24075
87675,-24075
87725,-24025
87775,-24025
87825,-24025
87875,-24000
87925,-23975
87975,-23975
88025,-23925
88075,-23875
88125,-23875
88175,-23825
88225,-23825
88275,-23825
88325,-23775
88375,-23775
88425,-23750
88475,-23725
88525,-23700
88575,-23675
88625,-23625
88675,-23600
88725,-23575
88775,-23525
88825,-23525
88875,-23450
88925,-23400
88975,-23375
89025,-23350
89075,-23325
89125,-23300
89175,-23275
89225,-23225
89275,-23175
89325,-23175
89375,-23175
89425,-23125
89475,-23075
89525,-23025
89575,-23025
89625,-22975
89675,-22975
89725,-22925
89775,-22925
89825,-22875
89875,-22875
89925,-22825
89975,-22775
90025,-22775
90075,-22750
90125,-22725
90175,-22725
90225,-22725
90275,-22725
90325,-22725
90375,-22725
90425,-22725
90475,-22725
90525,-22725
90575,-22725
90625,-22725
90675,-22725
90725,-22725
90775,-22750
90825,-22775
90875,-22775
90925,-22800
90975,-22825
91025,-22825
91075,-22875
91125,-22900
91175,-22925
91225,-22975
91275,-23025
91325,-23025
91375,-23075
91425,-23075
91475,-23125
91525,-23125
91575,-23150
91625,-23175
91675,-23200
91725,-23225
91775,-23275
91825,-23275
91875,-23325
91925,-23325
91975,-23375
92025,-23375
92075,-23375
92125,-23425
92175,-23425
92225,-23425
92275,-23425
92325,-23425
92375,-23450
92425,-23475
92475,-23475
92525,-23475
92575,-23475
92625,-23475
92675,-23525
92725,-23525
92775,-23525
92825,-23525
92875,-23525
92925,-23525
92975,-23550
93025,-23575
93075,-23575
93125,-23575
93175,-23625
93225,-23625
93275,-23625
93325,-23675
93375,-23675
93425,-23675
93475,-23675
93525,-23675
93575,-23700
93625,-23725
93675,-23725
93725,-23725
93775,-23725
93825,-23725
93875,-23725
93925,-23750
93975,-23775
94025,-23775
94075,-23775
94125,-23775
94175,-23825
94225,-23825
94275,-23825
94325,-23825
94375,-23825
94425,-23825
94475,-23825
94525,-23825
94575,-23825
94625,-23825
94675,-23825
94725,-23825
94775,-23825
94825,-23800
94875,-23775
94925,-23775
94975,-23775
95025,-23775
95075,-23775
95125,-23725
95175,-23725
95225,-23725
95275,-23725
95325,-23725
95375,-23725
95425,-23675
95475,-23675
95525,-23675
95575,-23625
95625,-23625
95675,-23625
95725,-23625
95775,-23600
95825,-23575
95875,-23575
95925,-23550
95975,-23525
96025,-23525
96075,-23500
96125,-23475
96175,-23475
96225,-23425
96275,-23425
96325,-23400
96375,-23375
96425,-23325
96475,-23325
96525,-23325
96575,-23275
96625,-23250
96675,-23225
96725,-23200
96775,-23175
96825,-23150
96875,-23125
96925,-23100
96975,-23075
97025,-23050
97075,-23025
97125,-23000
97175,-22975
97225,-22975
97275,-22925
97325,-22925
97375,-22900
97425,-22875
97475,-22875
97525,-22825
97575,-22825
97625,-22800
97675,-22775
97725,-22750
97775,-22725
97825,-22725
97875,-22725
97925,-22700
97975,-22675
98025,-22650
98075,-22625
98125,-22600
98175,-22575
98225,-22575
98275,-22525
98325,-22475
98375,-22450
98425,-22375
98475,-22300
98525,-22275
98575,-22275
98625,-22275
98675,-22325
98725,-22325
98775,-22325
98825,-22350
98875,-22375
98925,-22400
98975,-22425
99025,-22450
99075,-22475
99125,-22500
99175,-22525
99225,-22550
99275,-22575
99325,-22600
99375,-22625
99425,-22625
99475,-22625
99525,-22650
99575,-22675
99625,-22700
99675,-22725
99725,-22725
99775,-22775
99825,-22775
99875,-22800
99925,-22825
99975,-22875
100025,-22900
100075,-22925
100125,-22925
100175,-22925
100225,-22950
100275,-22975
100325,-22975
100375,-22975
100425,-23025
100475,-23025
100525,-23025
100575,-23025
100625,-23075
100675,-23075
100725,-23075
100775,-23075
100825,-23075
100875,-23075
100925,-23075
100975,-23075
101025,-23075
101075,-23075
101125,-23075
101175,-23075
101225,-23075
101275,-23075
101325,-23075
101375,-23075
101425,-23075
101475,-23075
101525,-23075
101575,-23075
101625,-23075
101675,-23075
101725,-23025
101775,-23025
101825,-23000
101875,-22975
101925,-22975
101975,-22925
102025,-22925
102075,-22925
102125,-22875
102175,-22875
102225,-22825
102275,-22825
102325,-22825
102375,-22775
102425,-22775
102475,-22775
102525,-22725
102575,-22725
102625,-22725
102675,-22675
102725,-22675
102775,-22675
102825,-22675
102875,-22625
102925,-22625
102975,-22625
103025,-22625
103075,-22625
103125,-22625
103175,-22625
103225,-22625
103275,-22625
103325,-22625
103375,-22625
103425,-22675
103475,-22675
103525,-22675
103575,-22675
103625,-22725
103675,-22725
103725,-22725
103775,-22725
103825,-22725
103875,-22775
103925,-22775
103975,-22775
104025,-22775
104075,-22775
104125,-22775
104175,-22775
104225,-22775
104275,-22775
104325,-22775
104375,-22775
104425,-22775
104475,-22775
104525,-22775
104575,-22775
104625,-22775
104675,-22775
104725,-22775
104775,-22775
104825,-22775
104875,-22775
104925,-22775
104975,-22775
105025,-22775
105075,-22775
105125,-22775
